{
  "IcoMoonType": "selection",
  "icons": [
    {
      "icon": {
        "paths": [
          "M716.8 102.4v870.4l-204.8-204.8-204.8 204.8v-870.4c0-28.314 29.952-52.224 51.2-51.2h307.2c35.277-1.024 51.2 22.886 51.2 51.2z"
        ],
        "attrs": [],
        "isMulticolor": false,
        "isMulticolor2": false,
        "tags": [
          "bookmark"
        ],
        "grid": 20
      },
      "attrs": [],
      "properties": {
        "id": 32,
        "order": 19,
        "prevSize": 20,
        "name": "bookmark",
        "code": 59648
      },
      "setIdx": 0,
      "setId": 3,
      "iconIdx": 31
    },
    {
      "icon": {
        "paths": [
          "M469.146 231.219c21.402 20.89 230.502 240.384 230.502 240.384 11.418 11.213 17.152 25.805 17.152 40.397s-5.734 29.184-17.152 40.294c0 0-209.101 219.597-230.502 240.384-21.402 20.89-59.904 22.323-82.688 0-22.835-22.221-24.627-53.299 0-80.589l191.846-200.090-191.846-200.090c-24.627-27.29-22.835-58.419 0-80.691 22.784-22.323 61.286-20.941 82.688 0z"
        ],
        "attrs": [],
        "isMulticolor": false,
        "isMulticolor2": false,
        "tags": [
          "chevron-right"
        ],
        "grid": 20
      },
      "attrs": [],
      "properties": {
        "id": 36,
        "order": 18,
        "prevSize": 20,
        "name": "chevron-right",
        "code": 59649
      },
      "setIdx": 0,
      "setId": 3,
      "iconIdx": 35
    },
    {
      "icon": {
        "paths": [
          "M1017.344 330.394c6.093 13.158 6.502 66.048-250.061 186.47l-251.546 118.067c-87.552 41.114-214.579 95.181-270.592 110.131-39.219 10.445-76.646-16.179-76.646-16.179s-112.947-101.12-142.95-123.853c-29.952-22.733-27.392-34.304 11.008-46.592 23.91-7.629 160.256 25.242 218.368 39.936 68.557-40.96 131.174-76.083 160.819-92.058-71.475-52.89-205.21-151.654-247.859-181.76-40.909-28.928 0.512-39.322 0.512-39.322 18.842-5.069 59.494-11.674 79.974-7.373 139.315 29.133 371.866 106.035 389.683 111.923 42.598-22.323 108.954-55.91 149.606-75.008 106.24-49.869 221.542-1.894 229.683 15.616z"
        ],
        "attrs": [],
        "isMulticolor": false,
        "isMulticolor2": false,
        "tags": [
          "aircraft-take-off"
        ],
        "grid": 20
      },
      "attrs": [],
      "properties": {
        "id": 93,
        "order": 17,
        "prevSize": 20,
        "name": "aircraft-take-off",
        "code": 59650
      },
      "setIdx": 0,
      "setId": 3,
      "iconIdx": 92
    },
    {
      "icon": {
        "paths": [
          "M296.96 624.64v-317.44h-194.56c-56.32 0-102.4 46.080-102.4 102.4v307.2c0 56.32 46.080 102.4 102.4 102.4h51.2v153.6l153.6-153.6h256c56.32 0 102.4-46.080 102.4-102.4v-93.184c-3.277 0.717-6.758 1.075-10.24 1.075l-358.4-0.051zM921.6 51.2h-460.8c-56.32 0-102.4 46.080-102.4 102.4v409.6h358.4l153.6 153.6v-153.6h51.2c56.32 0 102.4-46.029 102.4-102.4v-307.2c0-56.32-46.080-102.4-102.4-102.4z"
        ],
        "attrs": [],
        "isMulticolor": false,
        "isMulticolor2": false,
        "tags": [
          "chat"
        ],
        "grid": 20
      },
      "attrs": [],
      "properties": {
        "id": 125,
        "order": 20,
        "prevSize": 20,
        "name": "chat",
        "code": 59651
      },
      "setIdx": 0,
      "setId": 3,
      "iconIdx": 124
    },
    {
      "icon": {
        "paths": [
          "M956.006 563.2h-85.606v307.2c0 22.784-9.933 51.2-51.2 51.2h-204.8v-307.2h-204.8v307.2h-204.8c-41.267 0-51.2-28.416-51.2-51.2v-307.2h-85.606c-30.618 0-24.064-16.589-3.072-38.298l410.829-411.238c9.984-10.342 23.091-15.462 36.25-15.974 13.158 0.512 26.266 5.581 36.25 15.974l410.778 411.187c21.043 21.76 27.597 38.349-3.021 38.349z"
        ],
        "attrs": [],
        "isMulticolor": false,
        "isMulticolor2": false,
        "tags": [
          "home"
        ],
        "grid": 20
      },
      "attrs": [],
      "properties": {
        "id": 185,
        "order": 24,
        "prevSize": 20,
        "name": "home",
        "code": 59652
      },
      "setIdx": 0,
      "setId": 3,
      "iconIdx": 184
    },
    {
      "icon": {
        "paths": [
          "M905.779 241.92c-25.754-152.422-164.864-254.31-310.733-227.379-145.92 26.88-269.107 144.179-243.354 296.704 5.478 32.819 20.89 84.173 39.066 121.088l-264.96 395.418c-9.779 14.592-15.309 40.909-12.39 58.419l17.050 100.915c2.97 17.51 19.046 29.286 35.84 26.317l77.619-14.387c16.794-3.021 38.093-17.818 47.309-32.717l104.806-169.523 0.922-1.126 70.963-13.107 122.368-198.605c40.192 7.117 97.894 4.71 131.994-1.587 145.818-26.931 209.254-187.904 183.501-340.429zM776.499 320.102c-40.141 59.904-81.101 17.715-138.394-24.32-57.293-41.882-109.312-67.686-69.222-127.59 40.141-59.904 119.091-74.496 176.486-32.512 57.344 41.933 71.219 124.518 31.13 184.422z"
        ],
        "attrs": [],
        "isMulticolor": false,
        "isMulticolor2": false,
        "tags": [
          "key"
        ],
        "grid": 20
      },
      "attrs": [],
      "properties": {
        "id": 194,
        "order": 21,
        "prevSize": 20,
        "name": "key",
        "code": 59653
      },
      "setIdx": 0,
      "setId": 3,
      "iconIdx": 193
    },
    {
      "icon": {
        "paths": [
          "M512 102.861c-141.414 0-256 114.125-256 255.488 0 244.429 256 563.2 256 563.2s256-318.822 256-563.2c0-141.312-114.586-255.488-256-255.488zM512 499.712c-76.39 0-138.24-61.901-138.24-138.24s61.85-138.24 138.24-138.24c76.288 0 138.189 61.901 138.189 138.24s-61.901 138.24-138.189 138.24z"
        ],
        "attrs": [],
        "isMulticolor": false,
        "isMulticolor2": false,
        "tags": [
          "location-pin"
        ],
        "grid": 20
      },
      "attrs": [],
      "properties": {
        "id": 210,
        "order": 22,
        "prevSize": 20,
        "name": "location-pin",
        "code": 59654
      },
      "setIdx": 0,
      "setId": 3,
      "iconIdx": 209
    },
    {
      "icon": {
        "paths": [
          "M995.686 190.362l-307.2-153.6c-14.387-7.219-31.386-7.219-45.824 0l-288.256 144.128-287.027-95.693c-15.667-5.222-32.768-2.611-46.131 7.066-13.363 9.626-21.248 25.088-21.248 41.523v665.651c0 19.405 10.957 37.12 28.314 45.773l307.2 153.6c7.219 3.584 15.053 5.427 22.886 5.427s15.718-1.792 22.886-5.427l288.256-144.077 287.027 95.693c15.616 5.12 32.768 2.509 46.131-7.117s21.248-25.088 21.248-41.472v-665.702c0.051-19.405-10.906-37.12-28.262-45.773zM409.6 267.827l204.8-102.4v602.266l-204.8 102.4v-602.266zM102.4 204.8l204.8 68.25v597.043l-204.8-102.4v-562.893zM921.6 830.822l-204.8-68.301v-597.094l204.8 102.4v562.995z"
        ],
        "attrs": [],
        "isMulticolor": false,
        "isMulticolor2": false,
        "tags": [
          "map"
        ],
        "grid": 20
      },
      "attrs": [],
      "properties": {
        "id": 221,
        "order": 23,
        "prevSize": 20,
        "name": "map",
        "code": 59655
      },
      "setIdx": 0,
      "setId": 3,
      "iconIdx": 220
    },
    {
      "icon": {
        "paths": [
          "M819.2 102.4h-614.4c-56.32 0-102.4 46.080-102.4 102.4v614.4c0 56.32 46.080 102.4 102.4 102.4h614.4c56.32 0 102.4-46.080 102.4-102.4v-614.4c0-56.32-46.080-102.4-102.4-102.4zM768 563.2h-204.8v204.8h-102.4v-204.8h-204.8v-102.4h204.8v-204.8h102.4v204.8h204.8v102.4z"
        ],
        "attrs": [],
        "isMulticolor": false,
        "isMulticolor2": false,
        "tags": [
          "squared-plus"
        ],
        "grid": 20
      },
      "attrs": [],
      "properties": {
        "id": 284,
        "order": 28,
        "prevSize": 20,
        "name": "squared-plus"
      },
      "setIdx": 0,
      "setId": 3,
      "iconIdx": 283
    },
    {
      "icon": {
        "paths": [
          "M512 66.56l122.266 344.166h328.294l-267.878 202.138 95.795 354.714-278.477-212.685-278.426 212.685 95.744-354.714-267.93-202.138h328.294l122.317-344.166z"
        ],
        "attrs": [],
        "isMulticolor": false,
        "isMulticolor2": false,
        "tags": [
          "star"
        ],
        "grid": 20
      },
      "attrs": [],
      "properties": {
        "id": 286,
        "order": 25,
        "prevSize": 20,
        "name": "star",
        "code": 59656
      },
      "setIdx": 0,
      "setId": 3,
      "iconIdx": 285
    },
    {
      "icon": {
        "paths": [
          "M981.188 160.108c-143.632-20.65-302.332-32.108-469.186-32.108-166.86 0-325.556 11.458-469.194 32.108-27.53 107.726-42.808 226.75-42.808 351.892 0 125.14 15.278 244.166 42.808 351.89 143.638 20.652 302.336 32.11 469.194 32.11 166.854 0 325.552-11.458 469.186-32.11 27.532-107.724 42.812-226.75 42.812-351.89 0-125.142-15.28-244.166-42.812-351.892zM384.002 704v-384l320 192-320 192z"
        ],
        "tags": [
          "play",
          "video",
          "movie"
        ],
        "defaultCode": 59666,
        "grid": 16,
        "attrs": []
      },
      "attrs": [],
      "properties": {
        "ligatures": "play, video",
        "name": "play",
        "order": 30,
        "id": 19,
        "prevSize": 32
      },
      "setIdx": 2,
      "setId": 1,
      "iconIdx": 18
    },
    {
      "icon": {
        "paths": [
          "M320 64h-256v256h256v-256zM384 0v0 384h-384v-384h384zM128 128h128v128h-128zM960 64h-256v256h256v-256zM1024 0v0 384h-384v-384h384zM768 128h128v128h-128zM320 704h-256v256h256v-256zM384 640v0 384h-384v-384h384zM128 768h128v128h-128zM448 0h64v64h-64zM512 64h64v64h-64zM448 128h64v64h-64zM512 192h64v64h-64zM448 256h64v64h-64zM512 320h64v64h-64zM448 384h64v64h-64zM448 512h64v64h-64zM512 576h64v64h-64zM448 640h64v64h-64zM512 704h64v64h-64zM448 768h64v64h-64zM512 832h64v64h-64zM448 896h64v64h-64zM512 960h64v64h-64zM960 512h64v64h-64zM64 512h64v64h-64zM128 448h64v64h-64zM0 448h64v64h-64zM256 448h64v64h-64zM320 512h64v64h-64zM384 448h64v64h-64zM576 512h64v64h-64zM640 448h64v64h-64zM704 512h64v64h-64zM768 448h64v64h-64zM832 512h64v64h-64zM896 448h64v64h-64zM960 640h64v64h-64zM576 640h64v64h-64zM640 576h64v64h-64zM704 640h64v64h-64zM832 640h64v64h-64zM896 576h64v64h-64zM960 768h64v64h-64zM576 768h64v64h-64zM640 704h64v64h-64zM768 704h64v64h-64zM832 768h64v64h-64zM896 704h64v64h-64zM960 896h64v64h-64zM640 832h64v64h-64zM704 896h64v64h-64zM768 832h64v64h-64zM832 896h64v64h-64zM640 960h64v64h-64zM768 960h64v64h-64zM896 960h64v64h-64z"
        ],
        "tags": [
          "qrcode"
        ],
        "defaultCode": 59704,
        "grid": 16,
        "attrs": []
      },
      "attrs": [],
      "properties": {
        "ligatures": "qrcode",
        "name": "qrcode",
        "order": 31,
        "id": 57,
        "prevSize": 32
      },
      "setIdx": 2,
      "setId": 1,
      "iconIdx": 56
    },
    {
      "icon": {
        "paths": [
          "M1025.5 800c0-288-256-224-256-448 0-18.56-1.788-34.42-5.048-47.928-16.83-113.018-92.156-203.72-189.772-231.36 0.866-3.948 1.32-8.032 1.32-12.21 0-33.278-28.8-60.502-64-60.502s-64 27.224-64 60.5c0 4.18 0.456 8.264 1.32 12.21-109.47 30.998-190.914 141.298-193.254 273.442-0.040 1.92-0.066 3.864-0.066 5.846 0 224.002-256 160.002-256 448.002 0 76.226 170.59 139.996 398.97 156.080 21.524 40.404 64.056 67.92 113.030 67.92s91.508-27.516 113.030-67.92c228.38-16.084 398.97-79.854 398.97-156.080 0-0.228-0.026-0.456-0.028-0.682l1.528 0.682zM826.246 854.096c-54.23 14.47-118.158 24.876-186.768 30.648-5.704-65.418-60.582-116.744-127.478-116.744s-121.774 51.326-127.478 116.744c-68.608-5.772-132.538-16.178-186.768-30.648-74.63-19.914-110.31-42.19-123.368-54.096 13.058-11.906 48.738-34.182 123.368-54.096 86.772-23.152 198.372-35.904 314.246-35.904s227.474 12.752 314.246 35.904c74.63 19.914 110.31 42.19 123.368 54.096-13.058 11.906-48.738 34.182-123.368 54.096z"
        ],
        "tags": [
          "bell",
          "alarm",
          "notification"
        ],
        "defaultCode": 59729,
        "grid": 16,
        "attrs": []
      },
      "attrs": [],
      "properties": {
        "ligatures": "bell, alarm2",
        "name": "bell",
        "order": 33,
        "id": 82,
        "prevSize": 32
      },
      "setIdx": 2,
      "setId": 1,
      "iconIdx": 81
    },
    {
      "icon": {
        "paths": [
          "M320 384h128v128h-128zM512 384h128v128h-128zM704 384h128v128h-128zM128 768h128v128h-128zM320 768h128v128h-128zM512 768h128v128h-128zM320 576h128v128h-128zM512 576h128v128h-128zM704 576h128v128h-128zM128 576h128v128h-128zM832 0v64h-128v-64h-448v64h-128v-64h-128v1024h960v-1024h-128zM896 960h-832v-704h832v704z"
        ],
        "tags": [
          "calendar",
          "date",
          "schedule",
          "time",
          "day"
        ],
        "defaultCode": 59731,
        "grid": 16,
        "attrs": []
      },
      "attrs": [],
      "properties": {
        "ligatures": "calendar, date",
        "name": "calendar",
        "order": 32,
        "id": 84,
        "prevSize": 32
      },
      "setIdx": 2,
      "setId": 1,
      "iconIdx": 83
    },
    {
      "icon": {
        "width": 1152,
        "paths": [
          "M480 0v0c265.096 0 480 173.914 480 388.448s-214.904 388.448-480 388.448c-25.458 0-50.446-1.62-74.834-4.71-103.106 102.694-222.172 121.108-341.166 123.814v-25.134c64.252-31.354 116-88.466 116-153.734 0-9.106-0.712-18.048-2.030-26.794-108.558-71.214-177.97-179.988-177.97-301.89 0-214.534 214.904-388.448 480-388.448zM996 870.686c0 55.942 36.314 104.898 92 131.772v21.542c-103.126-2.318-197.786-18.102-287.142-106.126-21.14 2.65-42.794 4.040-64.858 4.040-95.47 0-183.408-25.758-253.614-69.040 144.674-0.506 281.26-46.854 384.834-130.672 52.208-42.252 93.394-91.826 122.414-147.348 30.766-58.866 46.366-121.582 46.366-186.406 0-10.448-0.45-20.836-1.258-31.168 72.57 59.934 117.258 141.622 117.258 231.676 0 104.488-60.158 197.722-154.24 258.764-1.142 7.496-1.76 15.16-1.76 22.966z"
        ],
        "tags": [
          "bubbles",
          "comments",
          "chat",
          "talk"
        ],
        "defaultCode": 59757,
        "grid": 16,
        "attrs": []
      },
      "attrs": [],
      "properties": {
        "ligatures": "bubbles2, comments2",
        "name": "bubbles2",
        "order": 34,
        "id": 110,
        "prevSize": 32
      },
      "setIdx": 2,
      "setId": 1,
      "iconIdx": 109
    },
    {
      "icon": {
        "width": 1152,
        "paths": [
          "M768 770.612v-52.78c70.498-39.728 128-138.772 128-237.832 0-159.058 0-288-192-288s-192 128.942-192 288c0 99.060 57.502 198.104 128 237.832v52.78c-217.102 17.748-384 124.42-384 253.388h896c0-128.968-166.898-235.64-384-253.388z",
          "M327.196 795.328c55.31-36.15 124.080-63.636 199.788-80.414-15.054-17.784-28.708-37.622-40.492-59.020-30.414-55.234-46.492-116.058-46.492-175.894 0-86.042 0-167.31 30.6-233.762 29.706-64.504 83.128-104.496 159.222-119.488-16.914-76.48-61.94-126.75-181.822-126.75-192 0-192 128.942-192 288 0 99.060 57.502 198.104 128 237.832v52.78c-217.102 17.748-384 124.42-384 253.388h279.006c14.518-12.91 30.596-25.172 48.19-36.672z"
        ],
        "tags": [
          "users",
          "group",
          "team",
          "members",
          "community",
          "collaborate"
        ],
        "defaultCode": 59762,
        "grid": 16,
        "attrs": []
      },
      "attrs": [],
      "properties": {
        "ligatures": "users, group",
        "name": "users",
        "order": 26,
        "id": 115,
        "prevSize": 32
      },
      "setIdx": 2,
      "setId": 1,
      "iconIdx": 114
    },
    {
      "icon": {
        "paths": [
          "M992.262 871.396l-242.552-206.294c-25.074-22.566-51.89-32.926-73.552-31.926 57.256-67.068 91.842-154.078 91.842-249.176 0-212.078-171.922-384-384-384-212.076 0-384 171.922-384 384s171.922 384 384 384c95.098 0 182.108-34.586 249.176-91.844-1 21.662 9.36 48.478 31.926 73.552l206.294 242.552c35.322 39.246 93.022 42.554 128.22 7.356s31.892-92.898-7.354-128.22zM384 640c-141.384 0-256-114.616-256-256s114.616-256 256-256 256 114.616 256 256-114.614 256-256 256z"
        ],
        "tags": [
          "search",
          "magnifier",
          "magnifying-glass",
          "inspect",
          "find"
        ],
        "defaultCode": 59782,
        "grid": 16,
        "attrs": []
      },
      "attrs": [],
      "properties": {
        "ligatures": "search, magnifier",
        "name": "search",
        "order": 15,
        "id": 135,
        "prevSize": 32,
        "code": 59782
      },
      "setIdx": 2,
      "setId": 1,
      "iconIdx": 134
    },
    {
      "icon": {
        "paths": [
          "M933.79 610.25c-53.726-93.054-21.416-212.304 72.152-266.488l-100.626-174.292c-28.75 16.854-62.176 26.518-97.846 26.518-107.536 0-194.708-87.746-194.708-195.99h-201.258c0.266 33.41-8.074 67.282-25.958 98.252-53.724 93.056-173.156 124.702-266.862 70.758l-100.624 174.292c28.97 16.472 54.050 40.588 71.886 71.478 53.638 92.908 21.512 211.92-71.708 266.224l100.626 174.292c28.65-16.696 61.916-26.254 97.4-26.254 107.196 0 194.144 87.192 194.7 194.958h201.254c-0.086-33.074 8.272-66.57 25.966-97.218 53.636-92.906 172.776-124.594 266.414-71.012l100.626-174.29c-28.78-16.466-53.692-40.498-71.434-71.228zM512 719.332c-114.508 0-207.336-92.824-207.336-207.334 0-114.508 92.826-207.334 207.336-207.334 114.508 0 207.332 92.826 207.332 207.334-0.002 114.51-92.824 207.334-207.332 207.334z"
        ],
        "tags": [
          "cog",
          "gear",
          "preferences",
          "settings",
          "generate",
          "control",
          "options"
        ],
        "defaultCode": 59796,
        "grid": 16,
        "attrs": []
      },
      "attrs": [],
      "properties": {
        "ligatures": "cog, gear",
        "name": "cog",
        "order": 27,
        "id": 149,
        "prevSize": 32
      },
      "setIdx": 2,
      "setId": 1,
      "iconIdx": 148
    },
    {
      "icon": {
        "paths": [
          "M768 639.968l-182.82-182.822 438.82-329.15-128.010-127.996-548.52 219.442-172.7-172.706c-49.78-49.778-119.302-61.706-154.502-26.508-35.198 35.198-23.268 104.726 26.51 154.5l172.686 172.684-219.464 548.582 127.99 128.006 329.19-438.868 182.826 182.828v255.98h127.994l63.992-191.988 191.988-63.996v-127.992l-255.98 0.004z"
        ],
        "tags": [
          "airplane",
          "travel",
          "flight",
          "plane",
          "transport",
          "fly",
          "vacation"
        ],
        "defaultCode": 59823,
        "grid": 16,
        "attrs": []
      },
      "attrs": [],
      "properties": {
        "ligatures": "airplane, travel",
        "name": "airplane",
        "order": 16,
        "id": 176,
        "prevSize": 32,
        "code": 59823
      },
      "setIdx": 2,
      "setId": 1,
      "iconIdx": 175
    },
    {
      "icon": {
        "paths": [
          "M928 0h-832c-52.8 0-96 43.2-96 96v832c0 52.8 43.2 96 96 96h832c52.8 0 96-43.2 96-96v-832c0-52.8-43.2-96-96-96zM384 768c-141.6 0-256-114.4-256-256s114.4-256 256-256c69.2 0 127 25.2 171.6 67l-69.6 66.8c-19-18.2-52.2-39.4-102-39.4-87.4 0-158.8 72.4-158.8 161.6s71.4 161.6 158.8 161.6c101.4 0 139.4-72.8 145.2-110.4h-145.2v-87.8h241.8c2.2 12.8 4 25.6 4 42.4 0 146.4-98 250.2-245.8 250.2zM896 512h-64v64h-64v-64h-64v-64h64v-64h64v64h64v64z"
        ],
        "tags": [
          "google-plus",
          "brand",
          "social"
        ],
        "defaultCode": 60044,
        "grid": 16,
        "attrs": []
      },
      "attrs": [],
      "properties": {
        "ligatures": "google-plus2, brand6",
        "name": "google-plus2",
        "order": 29,
        "id": 397,
        "prevSize": 32
      },
      "setIdx": 2,
      "setId": 1,
      "iconIdx": 396
    },
    {
      "icon": {
        "width": 2569,
        "paths": [
          "M344.012 169.399c0.209-0.865 0.344-1.479 0.388-1.8l1.042-7.559-47.349-0.267c-42.779-0.242-55.87 0.007-57.047 1.084-0.565 0.516-15.333 56.633-41.655 158.273-12.556 48.484-23.124 87.206-23.487 86.051s-15.391-56.498-33.397-122.98c-18.006-66.482-33.104-121.243-33.55-121.692-0.623-0.623-57.98-0.9-104.417-0.502-6.735 0.056-10.477-13.11 60.021 211.133 9.759 31.041 24.371 74.997 32.469 97.679 9.333 26.141 15.989 46.323 20.534 63.173 8.038 32.067 8.319 52.163 6.565 75.625-2.026 27.101-2.321 218.438-0.342 221.638 1.512 2.449 91.223 3.589 99.712 1.268 1.358-0.372 2.265-1.691 2.87-8.928 2.119-6.219 2.286-30.969 2.286-133.744v-131.281l5.742-18.112c3.756-11.849 13.201-42.995 20.989-69.22 7.789-26.222 17.21-57.619 20.938-69.771 33.834-110.319 66.14-218.831 66.994-225.011l0.693-5.056z",
          "M846.122 328.651l-0.021 6.838-1.065 0.014-0.595 188.993-0.577 183.227-14.666 14.929c-16.424 16.719-29.585 23.101-41.488 20.113-12.963-3.254-12.64 1.8-13.722-214.768l-0.998-199.347h-94.316v6.851h-1.086v216.289c0 231.737-0.007 231.599 11.752 254.875 9.366 18.536 23.010 27.559 46.391 30.671h0.002c30.79 4.1 64.001-9.849 94.77-39.809l13.373-13.022v22.445c0 19.396 0.554 22.601 4.070 23.58 5.756 1.605 77.173 1.707 84.89 0.126l6.396-1.314v-6.628l1.086-0.223v-495.098l-94.195 1.258z",
          "M606.892 426.33c-8.935-38.341-25.68-64.115-53.233-81.939-43.281-27.999-92.718-30.957-138.586-8.291-33.425 16.515-54.951 43.914-66.071 84.083-1.326 4.786-2.298 8.812-3.033 14.815-2.83 14.184-3.163 35.351-3.889 133.951-1.121 151.928 0.616 170.003 19.643 204.51 18.664 33.848 57.403 58.661 99.572 63.782 12.696 1.54 38.43-0.858 53.23-4.961 33.632-9.326 65.864-35.906 80.118-66.078 6.158-13.033 9.875-22.096 12.115-38.651 4.175-22.617 4.47-59.175 4.47-152.375-0.002-118.875-0.379-131.862-4.337-148.847zM499.34 736.003c-7.907 6.028-21.734 8.649-32.983 6.249-8.656-1.847-20.338-15.419-23.934-27.801-4.479-15.436-4.823-229.985-0.954-272.059 6.379-21.054 24.19-32.050 43.635-26.813 15.157 4.082 22.915 13.575 27.336 33.457 3.282 14.754 3.67 33.129 2.972 141.26-0.46 71.701-0.716 106.742-3.058 125.553-2.382 11.87-6.319 15.047-13.015 20.154z",
          "M2300.389 534.137h45.57l-0.726-41.281c-0.705-37.869-1.263-42.2-6.324-52.472-7.982-16.21-19.759-23.401-38.446-23.401-22.448 0-36.678 10.849-43.388 33.141-2.858 9.486-5.863 74.685-3.707 80.308 1.205 3.144 7.724 3.705 47.021 3.705z",
          "M1995.795 440.237c-6.077-12.247-17.385-18.278-30.525-17.806-10.221 0.365-21.561 4.677-32.488 13.010l-8.14 6.177v296.598l8.14 6.177c18.429 14.052 38.674 17.031 52.619 7.703 5.519-3.691 9.117-8.779 11.919-16.861 3.647-10.524 3.965-24.003 3.489-148.772-0.495-130.043-0.781-137.702-5.014-146.226z",
          "M2560.878 306.633c-9.080-108.842-16.303-144.165-38.751-189.544-29.729-60.101-72.692-91.788-133.876-98.747-47.309-5.379-225.315-12.97-390.044-16.631-285.188-6.338-754.057 5.858-813.939 21.173-27.673 7.077-48.426 19.11-70.022 40.604-37.844 37.662-60.391 91.679-69.452 166.396-20.692 170.606-21.134 376.727-1.188 553.515 8.577 76.041 26.243 125.443 59.41 166.159 20.694 25.406 56.352 46.998 88.26 53.442 22.385 4.523 134.42 10.798 297.605 16.668 24.306 0.874 88.667 2.379 143.030 3.344 113.301 2.012 321.627 0.821 440.719-2.519 80.127-2.249 226.201-8.172 253.5-10.282 7.677-0.593 25.469-1.728 39.537-2.523 47.277-2.67 77.353-12.568 105.596-34.76 36.553-28.718 64.857-81.795 76.815-144.037 11.314-58.894 18.887-163.773 20.422-282.851 1.284-99.491-0.426-153.175-7.621-239.409zM1425.273 267.192l-52.982 0.654-2.326 565.143-45.932 0.581c-35.525 0.488-46.307-0.044-47.167-2.326-0.616-1.626-1.356-129.020-1.672-283.153l-0.581-280.246-103.493-1.307v-88.304l305.829 1.235 1.307 87.069-52.982 0.654zM1750.216 591.117v243.035h-83.725v-25.583c0-19.247-0.735-25.583-2.979-25.583-1.64 0-9.226 6.344-16.861 14.098-16.557 16.817-36.171 30.367-52.91 36.63-34.662 12.968-67.589 5.4-81.618-18.75-12.838-22.11-13.082-27.052-13.082-256.335v-210.547h83.653l0.654 198.265c0.623 194.821 0.714 198.393 5.377 206.333 6.182 10.521 15.608 13.347 30.597 9.231 8.817-2.423 14.836-6.707 29.143-20.931l18.024-17.952v-374.946h83.725v243.035zM2076.757 799.41c-7.372 16.424-23.806 32.509-37.283 36.485-35.167 10.382-63.375 1.923-95.935-28.708-10.103-9.505-19.51-17.224-20.931-17.224-1.712 0-2.616 7.449-2.616 22.094v22.094h-83.725v-655.845h83.725v106.982c0 58.84 0.786 106.982 1.744 106.982s9.789-7.807 19.624-17.298c22.629-21.841 41.548-31.399 65.557-33.213 42.811-3.24 68.327 18.794 80.018 69.117 3.647 15.696 3.998 33.625 3.998 179.078-0.002 177.178-0.021 177.918-14.175 209.457zM2430.99 702.168c-0.744 18.226-2.954 39.137-4.942 46.514-11.642 43.167-42.635 73.731-87.432 86.269-60.315 16.878-126.704-10.777-153.205-63.812-14.875-29.769-15.408-35.706-15.408-181.185 0-118.617 0.419-133.171 4.214-149.354 10.747-45.788 37.392-75.422 82.49-91.865 13.068-4.765 26.708-7.207 40.337-7.486 48.672-0.998 96.984 25.18 117.229 67.808 13.659 28.76 15.35 41.060 16.717 122.099l1.235 72.678-178.497 1.235-0.654 48.84c-0.93 68.901 3.716 90.088 22.313 102.621 15.645 10.54 39.679 9.745 52.765-1.744 12.263-10.768 15.726-22.336 16.933-56.107l1.091-29.653h86.195l-1.381 33.143z"
        ],
        "tags": [
          "youtube",
          "brand",
          "social"
        ],
        "defaultCode": 60062,
        "grid": 16,
        "attrs": []
      },
      "attrs": [],
      "properties": {
        "ligatures": "youtube2, brand22",
        "name": "youtube2",
        "order": 36,
        "id": 415,
        "prevSize": 32
      },
      "setIdx": 2,
      "setId": 1,
      "iconIdx": 414
    },
    {
      "icon": {
        "paths": [
          "M404.2 448.6c13-9.4 19.2-25 19.2-46.6 0-12-2-21.8-6.2-29.4-4.4-7.6-10-13.6-17.4-17.8-7.2-4.4-15.4-7.4-24.8-9-9.2-1.8-19-2.6-29-2.6h-105.4v119.6h114c20 0.2 36.6-4.6 49.6-14.2z",
          "M422 556.6c-14.8-11.2-34.4-16.8-58.8-16.8h-122.6v141h120.2c11.2 0 21.6-1 31.6-3.2s19-5.6 26.6-10.8c7.6-5 13.8-11.8 18.4-20.4s6.8-19.8 6.8-33.2c0-26.4-7.4-45.2-22.2-56.6z",
          "M928 0h-832c-52.8 0-96 43.2-96 96v832c0 52.8 43.2 96 96 96h832c52.8 0 96-43.2 96-96v-832c0-52.8-43.2-96-96-96zM671.2 269.4h207.4v50.6h-207.4v-50.6zM541.6 686.4c-10 19-23.6 34.4-40.4 46.4-17 12-36.4 20.8-58.2 26.6-21.6 5.8-44 8.6-66.8 8.6h-248.2v-511.8h241.2c24.4 0 46.6 2.2 66.8 6.4 20 4.2 37.2 11.4 51.6 21.2 14.2 9.8 25.4 22.8 33.4 39 7.8 16 11.8 36.2 11.8 60 0 25.8-5.8 47.2-17.6 64.4s-29 31.2-52.2 42.2c31.6 9 54.8 25 70.2 47.6 15.6 22.8 23.2 50.2 23.2 82.2 0.2 26.2-4.8 48.6-14.8 67.2zM959.4 607.2h-267.4c0 29.2 10 57 25.2 72 15.2 14.8 37.2 22.4 65.8 22.4 20.6 0 38.2-5.2 53.2-15.6 14.8-10.4 23.8-21.4 27.2-32.8h89.6c-14.4 44.6-36.2 76.4-66 95.6-29.4 19.2-65.4 28.8-107.2 28.8-29.2 0-55.4-4.8-79-14-23.6-9.4-43.2-22.6-59.8-39.8-16.2-17.2-28.6-37.8-37.6-61.8-8.8-23.8-13.4-50.4-13.4-79 0-27.8 4.6-53.6 13.6-77.6 9.2-24 22-44.8 38.8-62 16.8-17.4 36.8-31.2 60-41.4 23.2-10 48.8-15 77.2-15 31.4 0 58.8 6 82.4 18.4 23.4 12.2 42.6 28.6 57.8 49.2s25.8 44 32.6 70.4c6.6 26 8.8 53.4 7 82.2z",
          "M776.6 463.8c-16.2 0-29.8 2.8-40.4 8.4s-19.2 12.4-25.8 20.4c-6.6 8.2-11 16.8-13.6 26.2-2.6 9-4.2 17.2-4.6 24.4h165.6c-2.4-26-11.4-45.2-23.4-58.6-12.4-13.6-32.8-20.8-57.8-20.8z"
        ],
        "tags": [
          "behance",
          "brand",
          "social"
        ],
        "defaultCode": 60073,
        "grid": 16,
        "attrs": []
      },
      "attrs": [],
      "properties": {
        "name": "behance2",
        "ligatures": "behance2, brand33",
        "order": 35,
        "id": 426,
        "prevSize": 32
      },
      "setIdx": 2,
      "setId": 1,
      "iconIdx": 425
    },
    {
      "icon": {
        "paths": [
          "M930 308.6c-47.8 212.2-195.4 324.2-428 324.2h-77.4l-53.8 341.6h-64.8l-3.4 22c-2.2 14.6 9 27.6 23.6 27.6h165.6c19.6 0 36.2-14.2 39.4-33.6l1.6-8.4 31.2-197.8 2-10.8c3-19.4 19.8-33.6 39.4-33.6h24.6c160.4 0 286-65.2 322.8-253.6 13.8-71.6 8.6-132.4-22.8-177.6z",
          "M831 77.2c-47.4-54-133.2-77.2-242.8-77.2h-318.2c-22.4 0-41.6 16.2-45 38.4l-132.6 840.4c-2.6 16.6 10.2 31.6 27 31.6h196.6l49.4-313-1.6 9.8c3.4-22.2 22.4-38.4 44.8-38.4h93.4c183.4 0 327-74.4 369-290 1.2-6.4 2.4-12.6 3.2-18.6 12.4-79.6 0-134-43.2-183z"
        ],
        "tags": [
          "paypal",
          "brand",
          "donate"
        ],
        "defaultCode": 60120,
        "grid": 16,
        "attrs": []
      },
      "attrs": [],
      "properties": {
        "ligatures": "paypal, brand79",
        "name": "paypal",
        "codes": [
          61234
        ],
        "order": 37,
        "id": 473,
        "prevSize": 32
      },
      "setIdx": 2,
      "setId": 1,
      "iconIdx": 472
    },
    {
      "icon": {
        "paths": [
          "M60.538 0l82.144 921.63 368.756 102.37 369.724-102.524 82.3-921.476h-902.924zM784.63 301.428h-432.54l10.302 115.75h411.968l-31.042 347.010-231.844 64.254-231.572-64.254-15.83-177.512h113.494l8.048 90.232 125.862 33.916 0.278-0.078 125.934-33.992 13.070-146.55h-391.74l-30.494-341.8h566.214l-10.108 113.024z"
        ],
        "tags": [
          "html-five",
          "w3c"
        ],
        "defaultCode": 60132,
        "grid": 16,
        "attrs": []
      },
      "attrs": [],
      "properties": {
        "ligatures": "html-five, w3c",
        "name": "html-five",
        "order": 39,
        "id": 485,
        "prevSize": 32
      },
      "setIdx": 2,
      "setId": 1,
      "iconIdx": 484
    },
    {
      "icon": {
        "paths": [
          "M1004.692 466.394l-447.096-447.080c-25.738-25.754-67.496-25.754-93.268 0l-103.882 103.876 78.17 78.17c12.532-5.996 26.564-9.36 41.384-9.36 53.020 0 96 42.98 96 96 0 14.82-3.364 28.854-9.362 41.386l127.976 127.974c12.532-5.996 26.566-9.36 41.386-9.36 53.020 0 96 42.98 96 96s-42.98 96-96 96-96-42.98-96-96c0-14.82 3.364-28.854 9.362-41.386l-127.976-127.974c-3.042 1.456-6.176 2.742-9.384 3.876v266.968c37.282 13.182 64 48.718 64 90.516 0 53.020-42.98 96-96 96s-96-42.98-96-96c0-41.796 26.718-77.334 64-90.516v-266.968c-37.282-13.18-64-48.72-64-90.516 0-14.82 3.364-28.852 9.36-41.384l-78.17-78.17-295.892 295.876c-25.75 25.776-25.75 67.534 0 93.288l447.12 447.080c25.738 25.75 67.484 25.75 93.268 0l445.006-445.006c25.758-25.762 25.758-67.54-0.002-93.29z"
        ],
        "tags": [
          "git",
          "brand"
        ],
        "defaultCode": 60135,
        "grid": 16,
        "attrs": []
      },
      "attrs": [],
      "properties": {
        "ligatures": "git, brand80",
        "name": "git",
        "order": 38,
        "id": 488,
        "prevSize": 32
      },
      "setIdx": 2,
      "setId": 1,
      "iconIdx": 487
    }
  ],
  "height": 1024,
  "preferences": {
    "showGlyphs": true,
    "showQuickUse": true,
    "showQuickUse2": true,
    "showSVGs": true,
    "fontPref": {
      "prefix": "icon-",
      "metadata": {
        "fontFamily": "sell-icon",
        "majorVersion": 1,
        "minorVersion": 0
      },
      "metrics": {
        "emSize": 1024,
        "baseline": 6.25,
        "whitespace": 50
      },
      "embed": false
    },
    "imagePref": {
      "prefix": "icon-",
      "png": true,
      "useClassSelector": true,
      "color": 0,
      "bgColor": 16777215,
      "classSelector": ".icon",
      "name": "icomoon",
      "autoHost": true
    },
    "historySize": 50,
    "showCodes": true,
    "gridSize": 16,
    "quickUsageToken": {
      "UntitledProject": "Y2IyMzllNWY5OWYyODAwOWJkZTc0OTI0MzhkYTkxYmYjMSMxNjg0NjgyNjQxIyMjM2E5YjFiNmRmMDNi"
    }
  }
}